-5.136931695,-5.906689228,-5.092499474,-5.823546181,-5.904263317,-5.88836548,0.760584171,-0.566106261,0.598181338,0.347120191,1.032393365,1.020620726,0.826986037,-1.414632887,0.876446351,0.970168676,1.120075603,-0.354594386,0.257826488,1.198094053,1.004811424,-0.188560092,0.405041337,0.211347973,0.154841808,0.985153132,1.110950359,0.528684725,-0.142986703,-0.879104917,-0.268125664,3.087459537,0.077676818,0.866777439,-0.092318618,1.061572994,-3.064737166,-0.1940285,1.63695122,0.536623023
-0.697370738,-0.713607191,0.205099105,0.399594392,0.276293095,0.423664604,-1.37225879,0.17360592,-0.121398504,-3.300671546,-1.215929963,-0.979795897,-0.643581875,-0.360381762,-2.310093839,-1.058130636,-1.751746147,-0.518510658,-0.635451143,0.969168803,0.954261363,-1.887768279,-1.878244785,0.353211682,0.154841808,0.691405647,0.688961463,0.306000901,-0.527950903,-0.314171921,-1.710118565,-1.430569487,0.394857159,-0.687941495,1.307847092,0.267419151,-0.528997785,-1.14476815,-1.342640525,-0.643947628
0.782482915,0.671214685,0.672534273,0.096026559,0.12913699,0.423664604,1.097348849,0.17360592,1.173845212,0.686449655,1.098520521,1.020620726,0.908684254,-0.360381762,0.876446351,0.843399969,1.120075603,-0.436552522,-0.125006782,1.147221775,1.080636516,1.616848606,1.458865702,0.424143536,0.382459267,0.005994847,0.548298498,0.380228842,0.087991817,1.098160568,1.09375652,0.486170099,-0.556683864,1.290791694,0.769321819,-0.526734692,-0.528997785,1.232080975,1.39858388,0.536623023
-0.226508212,-0.021196253,-0.729771233,0.399594392,0.349871148,-0.067271069,0.423819493,0.17360592,0.214405422,0.262287825,-1.149802806,-0.979795897,-1.052072962,0.430306582,-1.513458792,-1.818742878,-1.113563536,-0.190678113,0.002604308,-1.014850032,-1.017191031,-1.250565209,-1.000057815,0.566007244,0.610076725,0.495573989,0.548298498,0.083317077,0.241977497,-1.302804664,0.532981503,-0.609109664,-0.873864205,-0.122589155,-1.169369164,-3.504811601,-0.528997785,0.75671115,-0.389171167,-0.321973814
-0.159242137,-0.021196253,-0.57395951,0.096026559,0.349871148,0.423664604,0.760584171,0.17360592,-0.169370494,0.347120191,-0.554658396,1.020620726,0.173400298,0.430306582,0.369496775,0.209556434,1.120075603,-0.272636249,0.385437579,-1.014850032,-1.017191031,-0.294760604,0.053766549,0.069484265,0.003096836,0.593489818,0.970287394,0.528684725,0.241977497,0.391994324,1.013645803,0.89690001,0.394857159,-0.122589155,1.092436982,0.06888069,0.879746316,0.519026238,0.802665531,0.858596837
0.177088239,-0.021196253,-0.496053648,-0.511109106,0.202715043,0.634065607,-0.361964756,0.17360592,0.598181338,0.431952557,0.503376111,1.020620726,-0.153392571,-0.623944543,-0.209874168,0.589862555,-0.79447223,0.792819523,1.02349303,-1.014850032,-1.017191031,0.661044001,0.756316125,0.282279828,0.458331753,0.495573989,0.126309602,0.23177296,0.472956017,0.391994324,0.452870786,-1.019839576,1.346398183,0.160087015,-1.277074219,-0.526734692,1.443243956,0.994396063,-1.104273185,0.751272232
-0.361040362,-0.021196253,-0.262336064,0.247810476,0.202715043,-0.979008748,0.760584171,0.17360592,0.022517464,0.559201106,-1.480438589,-0.979795897,-0.80697831,0.957432144,-1.875565632,-0.424287101,-0.315835272,-0.846343204,-1.145895504,0.892860386,0.979536393,-1.250565209,-1.526969997,0.353211682,0.154841808,-0.483584296,0.126309602,0.157545018,-0.527950903,-1.020338166,-1.469786415,-1.019839576,-0.239503523,-0.54660341,0.661616764,0.863034533,-1.092495425,0.994396063,-0.150803827,-0.965921442
1.186079365,0.671214685,1.139969442,0.171918518,0.202715043,-0.067271069,0.648329278,0.17360592,1.029929244,0.601617289,1.032393365,1.020620726,1.64396821,1.748120488,1.021289087,1.096937383,-0.315835272,-0.108719977,-0.380228963,1.096349497,0.85316124,0.342442466,0.229403943,0.211347973,0.154841808,-1.56065841,-1.280320052,0.009089136,0.472956017,-0.031705423,-1.469786415,0.349260129,-1.508224887,-0.122589155,-2.031009601,1.061572994,0.034499856,-0.669398325,-0.865905846,-1.502544465
0.580684689,0.671214685,-0.184430203,-0.35932519,-0.45948743,1.12500128,-1.035494112,0.17360592,0.310349401,0.219871642,-0.819167023,-0.979795897,-0.153392571,0.957432144,0.514339511,-1.438436757,-2.070837452,0.137154432,-1.273506594,-1.014850032,-1.017191031,0.023840931,-0.121870845,0.566007244,0.761821698,0.397658161,0.407635532,0.009089136,0.241977497,-0.172938672,0.292649353,-1.841299398,0.077676818,-1.465300962,0.230796546,-2.909196219,0.034499856,0.994396063,-0.865905846,0.536623023
0.917015065,0.671214685,1.295781165,0.323702434,0.349871148,-0.067271069,1.434113526,0.17360592,-3.287549811,-3.300671546,1.098520521,1.020620726,1.398873558,0.430306582,1.093710455,1.984318332,0.162801686,1.694359023,1.53393739,-1.014850032,-1.017191031,1.298247071,1.283228308,0.282279828,0.458331753,0.691405647,0.688961463,0.528684725,0.241977497,0.533227573,1.494310104,-1.019839576,0.712037501,1.078784566,0.3385016,-0.12965777,1.443243956,1.469765888,2.232869569,1.609869069
-0.091976062,-0.021196253,-0.184430203,0.323702434,0.497027253,0.774332942,0.872839063,0.17360592,0.790069296,0.559201106,0.834011894,1.020620726,-0.235090789,1.220994925,-0.354716904,0.970168676,0.641438645,-0.108719977,0.385437579,-1.014850032,-1.017191031,-0.188560092,-0.297508239,0.069484265,0.003096836,0.495573989,0.548298498,0.306000901,0.395963177,-0.314171921,0.212538636,0.89690001,0.712037501,-0.051920113,0.553911709,-0.923811613,1.724992777,0.75671115,-0.031620157,0.536623023
-0.495572513,-0.713607191,0.51672255,0.399594392,-0.091597167,-1.189409751,-0.361964756,0.17360592,-0.169370494,0.262287825,-1.348184276,-0.979795897,-1.378865832,-1.151070106,0.079811303,-0.931361929,-0.79447223,-0.846343204,-0.763062233,0.841988108,1.055361485,-0.613362139,-0.297508239,0.069484265,-0.224520622,-2.148153382,-1.420983017,-0.658962336,0.164984657,-0.314171921,-1.069232831,-1.019839576,-1.825405229,-0.405265325,0.3385016,0.267419151,-1.374244245,-1.620137975,-0.508354836,-0.321973814
-0.091976062,-0.021196253,-0.729771233,0.627270267,-0.018019115,-1.329677086,-1.37225879,0.17360592,-0.313286462,0.389536374,-1.414311433,-0.979795897,-0.970374745,-0.360381762,0.152232671,-0.297518394,-0.79447223,-0.682426931,-1.783950955,-1.014850032,-1.017191031,-2.418770837,-1.878244785,0.353211682,0.154841808,-0.581500125,-0.014353364,0.009089136,0.087991817,-0.596638419,-1.149343548,0.349260129,-0.239503523,-0.54660341,-0.846254,0.267419151,0.879746316,0.043656413,-0.508354836,-1.073246046
0.647950764,0.671214685,1.217875304,0.171918518,-0.091597167,0.213263601,0.3115646,-0.566106261,0.981957254,0.47436874,0.238867484,-0.979795897,1.153778906,1.220994925,0.876446351,0.589862555,1.120075603,0.383028841,-0.380228963,1.172657914,1.004811424,0.767244513,0.93195352,0.636939098,0.610076725,0.593489818,0.266972567,0.23177296,0.472956017,1.098160568,-0.348236381,0.89690001,-0.239503523,1.220122651,1.200142037,0.664496072,-0.528997785,-0.431713413,-0.985089516,0.214649209
-0.226508212,-0.021196253,-0.106524341,0.9308381,0.349871148,-0.277672072,-1.37225879,0.17360592,-0.025454525,0.219871642,0.966266208,1.020620726,-0.561883658,-0.096818981,0.514339511,-0.170749687,-0.315835272,-0.846343204,-1.528728774,1.020041081,1.080636516,-0.719562651,-0.121870845,0.636939098,0.610076725,-0.18983681,-0.577005225,0.083317077,0.241977497,-0.596638419,-0.188014947,0.89690001,0.394857159,-0.687941495,-0.415433782,-0.12965777,0.597997496,-2.0955078,-1.342640525,-0.965921442
-0.428306437,-0.021196253,-0.57395951,-0.662893023,-0.16517522,-0.277672072,0.536074385,0.17360592,-0.025454525,0.304704008,-0.620785553,-0.979795897,-1.052072962,-0.360381762,-0.209874168,-0.677824515,-0.315835272,0.219112569,0.257826488,1.070913358,0.954261363,-0.294760604,-0.824420421,0.211347973,0.154841808,-0.091920982,0.548298498,0.380228842,0.241977497,0.533227573,-0.268125664,-1.019839576,-0.556683864,0.230756057,-0.307728727,-0.328196231,-0.247248965,0.043656413,0.325930852,-0.429298418
0.446152539,0.671214685,0.438816689,0.627270267,0.202715043,0.704199275,0.985093956,0.17360592,0.742097307,0.516784923,0.834011894,1.020620726,0.908684254,-0.360381762,0.369496775,-0.04398098,-1.273109188,0.464986978,0.768270849,-1.014850032,-1.017191031,0.767244513,1.283228308,0.069484265,0.003096836,0.495573989,0.266972567,0.157545018,0.241977497,0.391994324,1.013645803,0.89690001,-0.239503523,0.372094142,0.769321819,0.465957612,1.443243956,-0.1940285,-0.150803827,0.429298418
-0.697370738,-0.713607191,1.062063581,-0.131649315,0.202715043,0.634065607,-0.249709863,0.17360592,-3.287549811,-3.300671546,0.371121798,1.020620726,-1.378865832,0.957432144,-0.49955964,0.209556434,0.162801686,0.301070705,0.640659759,-1.014850032,-1.017191031,-0.08235958,-0.297508239,0.282279828,0.458331753,0.985153132,0.829624428,0.454456784,0.241977497,-0.172938672,0.532981503,1.170719951,0.712037501,-0.54660341,0.984731928,0.863034533,1.161495136,0.043656413,0.087563512,-0.107324605
-1.033701113,-0.713607191,-0.496053648,-0.055757357,0.12913699,-0.277672072,-2.382552824,0.17360592,-0.55314641,0.389536374,-2.141710156,-0.979795897,-2.277546222,-0.360381762,-1.58588016,-1.945511585,-0.315835272,-1.665924567,-1.656339865,1.070913358,0.928986332,-0.613362139,-0.473145633,-6.172518896,-6.521936973,-0.18983681,-0.998994121,-0.807418219,0.241977497,-0.596638419,-2.110672149,-1.704389428,-1.191044546,-1.323962877,0.123091491,-1.916503916,-0.528997785,-1.14476815,-1.342640525,-1.39521986
-1.100967189,-0.713607191,-1.586735709,0.247810476,0.202715043,-0.067271069,-3.392846857,0.17360592,-0.265314473,0.304704008,-2.538473096,-0.979795897,-2.03245157,-0.096818981,-2.599779311,-3.086429948,0.162801686,-0.764385067,-1.528728774,0.841988108,0.777336148,-1.144364697,-1.526969997,0.069484265,-0.376265595,-2.050237553,-2.124297844,-0.362050571,0.087991817,-1.867737659,-1.630007848,0.212350158,-0.239503523,-2.525336598,-2.677239929,-0.12965777,-1.374244245,-1.620137975,-2.772844562,-1.502544465
0.311620389,0.671214685,-0.496053648,0.020134601,-0.312331325,-0.067271069,-0.249709863,0.17360592,0.502237359,0.389536374,1.032393365,1.020620726,0.336796733,0.430306582,0.514339511,0.716631262,0.800984298,0.137154432,0.640659759,-1.014850032,-1.017191031,-0.507161627,0.405041337,0.424143536,0.154841808,0.495573989,0.407635532,0.82559649,0.241977497,0.391994324,0.773313653,-1.019839576,1.029217842,0.301425099,0.553911709,0.664496072,0.597997496,0.519026238,1.27940021,0.965921442
0.580684689,0.671214685,0.672534273,0.47548635,0.4234492,-0.067271069,0.648329278,0.17360592,0.694125317,0.219871642,0.503376111,1.020620726,0.581891385,0.430306582,1.021289087,0.589862555,0.641438645,0.62890325,0.130215398,1.04547722,1.004811424,0.55484349,0.405041337,0.353211682,0.154841808,0.495573989,0.266972567,0.380228842,-0.527950903,-0.031705423,0.292649353,-1.019839576,0.077676818,0.725439354,0.877026873,1.061572994,0.316248676,-1.382453063,-0.269987497,0
0.647950764,0.671214685,1.062063581,0.020134601,0.276293095,-0.488073075,0.087054815,0.17360592,0.358321391,0.347120191,-1.017548493,-0.979795897,-0.725280093,-1.414632887,0.007389936,-0.804593222,-0.315835272,-0.02676184,0.130215398,0.587626719,0.676236025,0.130041443,-0.824420421,0.069484265,-0.224520622,0.397658161,0.407635532,-1.030102043,0.241977497,-0.031705423,0.37276007,-1.019839576,0.712037501,-0.122589155,0.230796546,0.06888069,-1.092495425,0.75671115,-0.269987497,0.429298418
1.522409741,0.671214685,0.360910828,0.399594392,0.4234492,-0.067271069,0.199309707,0.17360592,0.790069296,0.431952557,0.503376111,-0.979795897,0.091702081,0.957432144,0.514339511,0.843399969,-0.156289619,0.383028841,0.768270849,-1.014850032,-1.017191031,1.19204656,0.93195352,0.707870952,0.761821698,1.180984789,1.251613324,-0.28782263,0.395963177,0.956927319,1.414199387,-0.609109664,1.029217842,1.078784566,0.123091491,-0.328196231,-0.810746605,0.994396063,0.325930852,0.321973814
1.320611515,0.671214685,1.062063581,0.779054183,0.791339463,1.12500128,0.985093956,0.17360592,1.41370516,0.644033472,1.032393365,1.020620726,1.807364645,2.27524605,1.383395927,1.477243504,0.322347339,2.104149704,1.789159571,-1.014850032,-1.017191031,1.616848606,1.81014049,0.636939098,0.610076725,1.180984789,1.251613324,0.82559649,0.472956017,2.510493058,1.09375652,1.307629922,2.932299889,1.644136906,1.092436982,0.267419151,1.724992777,0.75671115,1.51776755,1.931842883
0.446152539,0.671214685,0.127193243,0.323702434,0.4234492,1.12500128,0.536074385,0.17360592,0.214405422,0.347120191,0.569503268,-0.979795897,0.826986037,0.693869363,1.093710455,0.082787727,1.120075603,-0.190678113,-0.380228963,1.147221775,1.156461608,-1.038164186,-0.824420421,-0.781697984,-0.376265595,0.593489818,0.407635532,0.380228842,-0.527950903,-0.737871668,0.37276007,-1.019839576,0.077676818,0.866777439,-0.307728727,-0.12965777,-0.247248965,-0.669398325,0.445114522,0.214649209
0.446152539,0.671214685,0.127193243,0.096026559,0.349871148,-0.277672072,0.423819493,0.17360592,-0.265314473,0.092623093,0.834011894,1.020620726,0.010003863,-0.096818981,0.586760879,-0.04398098,0.322347339,1.612400886,1.916770661,1.020041081,1.080636516,0.873445025,0.93195352,-0.285175005,-0.224520622,-1.756490068,-1.561645982,-6.226057935,-6.687378103,-0.596638419,0.452870786,-1.019839576,-1.191044546,0.372094142,-1.384779274,-0.12965777,-1.092495425,0.994396063,0.087563512,-0.858596837
-0.226508212,-0.021196253,-0.729771233,-0.35932519,-0.533065483,-0.067271069,0.423819493,0.17360592,-0.073426515,0.007790727,0.437248954,-0.979795897,0.500193167,-1.151070106,-0.354716904,-0.297518394,-0.156289619,-0.846343204,-1.528728774,0.765679692,0.701511056,-1.356765721,-2.405156968,-0.781697984,-0.376265595,-2.050237553,-2.124297844,-0.139366747,0.164984657,-0.596638419,-1.790229282,-0.746019635,-0.556683864,-1.535970004,-1.923304547,-0.725273152,-1.937741886,-2.0955078,-1.342640525,-1.073246046
-0.226508212,-0.021196253,-0.262336064,0.247810476,0.644183358,-0.067271069,0.872839063,0.17360592,-0.265314473,-0.034625456,0.767884738,1.020620726,0.173400298,-0.623944543,0.441918143,0.463093848,-1.113563536,0.464986978,0.385437579,-1.014850032,-1.017191031,0.979645536,0.229403943,0.069484265,-0.148648136,0.299742332,-0.295679294,0.380228842,0.164984657,0.533227573,0.292649353,0.349260129,-0.239503523,0.654770312,0.446206655,1.260111454,0.316248676,0.994396063,1.041032871,0.321973814
-0.091976062,-0.021196253,-0.651865371,0.854946141,0.864917515,-0.277672072,-1.484513682,0.17360592,-0.649090389,0.007790727,-0.025641142,-0.979795897,-1.378865832,-0.623944543,-1.151351952,-0.804593222,-2.549474411,-2.649422203,-1.528728774,-1.014850032,-1.017191031,-0.825763162,-0.824420421,-0.781697984,-0.300393108,-0.87524761,-0.43634226,-0.139366747,0.087991817,-1.867737659,-1.870339998,0.349260129,-1.191044546,-0.758610537,-0.846254,0.267419151,-0.247248965,-0.1940285,-0.150803827,-1.502544465
-0.899168963,-0.713607191,-0.57395951,0.247810476,0.202715043,0.634065607,0.536074385,0.17360592,0.646153328,0.177455459,0.900139051,1.020620726,0.663589602,0.693869363,0.731603615,0.336325141,-1.273109188,0.62890325,0.513048669,0.969168803,1.004811424,0.448642978,-0.297508239,0.353211682,0.154841808,0.593489818,-0.014353364,0.306000901,0.472956017,-0.172938672,0.052317203,0.486170099,0.077676818,1.361460736,0.446206655,0.664496072,0.034499856,0.281341325,-0.389171167,0.214649209
1.589675816,0.671214685,1.685310472,0.627270267,0.644183358,0.423664604,1.658623312,0.17360592,-3.287549811,-3.300671546,0.966266208,1.020620726,1.398873558,0.430306582,1.528238663,2.111087039,1.120075603,2.104149704,1.789159571,-1.014850032,-1.017191031,2.147851165,2.161415278,0.282279828,0.458331753,0.789321475,0.688961463,0.82559649,0.241977497,2.086793311,1.734642254,1.170719951,0.712037501,1.149453609,1.092436982,0.863034533,0.034499856,0.519026238,2.590420578,1.502544465
0.715216839,0.671214685,-0.496053648,-0.662893023,-0.974533798,0.213263601,0.199309707,0.17360592,0.310349401,0.262287825,0.635630424,1.020620726,0.173400298,0.1667438,0.514339511,0.209556434,-0.315835272,0.546945114,0.895881939,0.689371275,0.928986332,1.085846048,0.93195352,0.353211682,0.154841808,0.985153132,0.407635532,0.157545018,0.164984657,0.391994324,0.132427919,0.89690001,-0.239503523,-0.758610537,-0.630843891,0.465957612,-0.528997785,-0.669398325,-0.150803827,-0.321973814
0.513418614,0.671214685,0.127193243,0.323702434,0.497027253,-0.488073075,1.097348849,0.17360592,0.742097307,0.219871642,1.098520521,1.020620726,1.317175341,0.1667438,1.093710455,1.350474797,0.641438645,1.858275295,1.661548481,-1.014850032,-1.017191031,1.510648095,1.634503096,0.424143536,0.382459267,0.201826504,0.548298498,0.751368549,0.087991817,0.674460821,1.654531537,0.89690001,1.346398183,1.432129779,1.307847092,1.260111454,1.443243956,1.469765888,0.921849201,2.039167488
1.387877591,0.671214685,1.373687026,0.779054183,0.864917515,0.423664604,0.985093956,0.17360592,1.077901233,0.431952557,1.164647678,1.020620726,1.562269993,1.484557707,1.093710455,1.22370609,1.120075603,0.956735796,0.385437579,1.096349497,1.004811424,0.767244513,0.93195352,0.282279828,0.610076725,0.495573989,0.407635532,0.306000901,0.549948857,2.086793311,1.013645803,-0.061469783,-0.556683864,1.008115524,1.200142037,-0.12965777,0.034499856,0.75671115,1.041032871,1.180570651
0.109822163,-0.021196253,0.049287382,0.703162225,0.791339463,0.493798272,-0.137454971,0.17360592,0.262377412,0.177455459,0.503376111,1.020620726,0.336796733,-0.360381762,-0.571981008,-0.804593222,1.120075603,0.383028841,0.768270849,-1.014850032,-1.017191031,0.130041443,-0.121870845,-0.781697984,-0.300393108,0.397658161,0.266972567,0.306000901,0.087991817,-0.596638419,0.37276007,0.89690001,-2.459765911,-0.122589155,0.553911709,-0.12965777,-0.247248965,0.519026238,-0.031620157,-0.536623023
-0.697370738,-0.713607191,-0.106524341,0.47548635,0.055558938,-0.277672072,0.3115646,0.17360592,-0.265314473,0.347120191,0.834011894,1.020620726,-0.398487223,-0.623944543,-0.065031432,0.463093848,0.641438645,-1.665924567,-0.890673323,-1.014850032,-1.017191031,-0.294760604,-0.473145633,0.069484265,-0.148648136,-0.18983681,0.407635532,0.157545018,0.164984657,-2.008970908,-0.188014947,0.349260129,0.712037501,1.078784566,-0.307728727,-0.526734692,-0.247248965,0.519026238,-0.150803827,-0.643947628
-0.226508212,-0.021196253,-0.340241926,0.096026559,-0.091597167,0.493798272,-1.035494112,0.17360592,-0.409230441,0.177455459,-1.414311433,-0.979795897,-1.215469397,-0.096818981,0.007389936,0.463093848,1.598712561,0.383028841,0.385437579,0.892860386,1.055361485,0.661044001,0.405041337,-0.285175005,-0.224520622,-0.581500125,0.126309602,0.380228842,0.164984657,-0.314171921,-0.188014947,-1.019839576,-0.239503523,0.442763184,0.123091491,0.267419151,-0.528997785,-0.431713413,0.087563512,-0.858596837
0.042556088,-0.021196253,-0.729771233,0.096026559,0.12913699,-0.277672072,0.087054815,0.17360592,-0.409230441,0.219871642,-0.753039866,-0.979795897,-0.153392571,-2.205321231,-0.49955964,0.082787727,-0.315835272,-0.846343204,-1.528728774,0.943732664,0.954261363,-0.825763162,-0.648783027,-0.781697984,-0.376265595,-2.148153382,-2.124297844,-0.28782263,0.164984657,-1.161571415,-1.630007848,0.212350158,-0.873864205,-2.171991386,-2.138714656,0.06888069,-0.247248965,-1.620137975,-0.746722176,-2.146492092
-0.562838588,-0.713607191,0.283004966,0.096026559,0.12913699,0.493798272,-1.147749004,0.17360592,-0.217342483,-0.034625456,-0.224022612,-0.979795897,-0.071694354,-0.887507325,-0.065031432,-0.424287101,1.598712561,0.464986978,0.768270849,-1.014850032,-1.017191031,0.023840931,0.756316125,0.424143536,0.154841808,0.397658161,0.548298498,0.380228842,0.087991817,0.674460821,0.693202936,-1.019839576,1.029217842,0.513432227,0.230796546,0.06888069,0.597997496,0.519026238,0.206747182,0.965921442
-0.226508212,-0.021196253,-0.02861848,-0.890568897,-1.268846008,-0.067271069,0.423819493,-6.853659803,-1.272726252,-0.204290187,-1.480438589,-0.979795897,-1.378865832,-2.732446793,-2.527357943,-1.184899343,-1.273109188,-0.846343204,-1.145895504,-1.014850032,-1.017191031,-1.038164186,-0.473145633,-1.207289109,-0.300393108,-2.735648353,-3.530927497,-0.733190278,0.087991817,-0.596638419,-0.268125664,-0.746019635,-1.508224887,-2.171991386,-0.415433782,-2.909196219,0.597997496,-1.620137975,-0.269987497,-2.253816697
-1.100967189,-0.713607191,0.283004966,0.47548635,0.644183358,0.493798272,-0.361964756,0.17360592,0.214405422,0.219871642,-0.620785553,-0.979795897,-0.480185441,1.220994925,0.514339511,0.463093848,-0.475380925,0.055196296,0.130215398,-1.014850032,-1.017191031,-0.507161627,-0.473145633,0.707870952,0.761821698,0.789321475,0.688961463,-0.139366747,0.241977497,0.81569407,-0.027793514,-0.609109664,0.077676818,-0.051920113,-0.092318618,0.465957612,0.597997496,0.043656413,0.206747182,0.536623023
-0.091976062,-0.021196253,0.360910828,0.323702434,0.349871148,-0.277672072,-1.37225879,0.17360592,0.310349401,0.219871642,-0.620785553,-0.979795897,-0.970374745,-0.887507325,-0.716823744,-0.424287101,1.120075603,-0.764385067,-0.380228963,-1.014850032,-1.017191031,-1.250565209,-1.175695209,0.424143536,0.154841808,0.985153132,0.407635532,0.009089136,0.087991817,-0.314171921,-0.268125664,-0.198379753,-0.556683864,-0.122589155,0.015386436,0.267419151,-1.937741886,-1.382453063,0.325930852,-0.107324605
-0.226508212,-0.021196253,0.049287382,-0.738784981,-0.606643535,0.56393194,-1.035494112,0.17360592,-0.265314473,0.219871642,-0.422404082,-0.979795897,-0.153392571,0.430306582,-0.644402376,-1.565205464,-0.315835272,-0.846343204,-0.380228963,0.943732664,1.080636516,-0.825763162,-0.824420421,-0.072379443,-0.224520622,0.495573989,0.688961463,-1.030102043,0.087991817,-1.585271162,-0.989122115,0.75999004,-0.239503523,-0.334596283,-2.031009601,0.267419151,0.879746316,-0.669398325,-0.746722176,0.214649209
0.378886464,0.671214685,0.360910828,0.703162225,0.644183358,0.002862599,-0.249709863,0.17360592,-0.649090389,0.007790727,-1.414311433,-0.979795897,-0.398487223,-1.678195668,-0.644402376,0.082787727,-0.315835272,-2.157673385,-1.273506594,-1.014850032,-1.017191031,-0.507161627,-0.121870845,-0.781697984,-0.300393108,-1.462742582,-1.420983017,-0.436278512,0.087991817,-0.45540517,0.532981503,-0.609109664,-1.191044546,-0.687941495,-0.415433782,-0.328196231,0.597997496,-1.14476815,-0.508354836,0.429298418
0.513418614,0.671214685,0.828345996,-1.270028688,-0.827377693,0.493798272,0.760584171,0.17360592,0.886013275,0.347120191,1.098520521,1.020620726,1.64396821,-0.623944543,1.238553191,-0.04398098,1.598712561,0.874777659,1.02349303,-1.014850032,-1.017191031,0.873445025,0.756316125,0.424143536,0.382459267,0.593489818,0.548298498,0.454456784,0.087991817,0.391994324,1.33408867,0.89690001,1.663578524,1.220122651,1.200142037,1.260111454,1.161495136,1.232080975,1.39858388,1.824518279
0.580684689,0.671214685,0.283004966,-1.270028688,-0.680221588,0.002862599,0.199309707,0.17360592,0.358321391,0.389536374,0.040486014,-0.979795897,0.990382472,0.957432144,-0.644402376,0.082787727,-0.475380925,1.284568341,0.513048669,0.918296525,1.055361485,1.298247071,0.93195352,0.211347973,0.154841808,0.691405647,0.970287394,0.306000901,0.241977497,1.521860315,0.37276007,1.170719951,0.077676818,0.654770312,0.015386436,0.06888069,0.034499856,0.75671115,0.206747182,0
0.109822163,-0.021196253,-0.496053648,-1.19413673,-1.489580166,0.493798272,0.3115646,0.17360592,0.694125317,0.347120191,0.569503268,1.020620726,0.663589602,-0.096818981,0.079811303,-0.424287101,-1.273109188,-0.354594386,-0.125006782,0.918296525,1.004811424,0.873445025,0.405041337,0.353211682,0.154841808,0.593489818,-0.014353364,0.380228842,-0.527950903,1.663093564,0.212538636,0.62308007,0.394857159,-1.465300962,0.3385016,0.267419151,0.034499856,0.519026238,0.325930852,0.536623023
-0.630104663,-0.713607191,0.283004966,0.703162225,0.71776141,0.423664604,-0.361964756,0.17360592,0.310349401,0.347120191,-0.224022612,-0.979795897,-0.071694354,0.957432144,-0.065031432,0.209556434,1.120075603,-0.02676184,0.513048669,1.096349497,1.030086455,-0.719562651,-0.297508239,0.424143536,0.154841808,-0.483584296,-0.43634226,0.380228842,0.164984657,0.109527826,-0.909011398,0.89690001,1.980758865,-0.26392724,1.092436982,0.664496072,0.316248676,0.994396063,-1.104273185,-0.107324605
-5.524573432,-6.819165617,-6.21345507,-6.027506489,-6.597076248,-5.856574835,0.352274436,-0.555662383,-0.946648606,-2.624676656,-2.380089827,-4.284847054,-5.821569853,-5.505111707,-6.188859112,-5.070405243,-6.458257288,-4.606339937,-4.611079904,-3.541381029,-3.692262234,-6.189351068,-6.756819819,-5.262071023,-0.184435068,-0.272425587,-1.904312797,-0.846254599,0.133405493,-1.721189201,-0.877220875,-2.887772139,-2.448853382,-4.436771202,0.172299005,0.805745539,-0.578461255,-1.339490423,-5.821569853,-5.505111707
0.186170557,0.188166822,0.394963811,-1.092767386,0.075126847,-0.158442953,1.215346805,-0.555662383,0.949873984,0.92984776,-0.503892891,-0.16684579,-0.152156468,-0.388081446,-0.180328063,0.322204099,-0.113499076,0.747595745,0.721734246,0.717241727,0.485227289,-0.275848516,-0.119519218,0.142466552,0.690144125,0.075673774,-0.380171339,0.839374481,0.331492438,0.517879937,0.295065203,0.582580613,0.237575328,0.011039796,0.507029672,0.039113861,0.516394597,-0.253798185,-0.152156468,-0.388081446
0.186170557,0.188166822,0.158948851,0.748553175,-0.078257132,-0.158442953,1.07150141,1.045952721,1.424004632,0.606709177,1.447351922,0.680978,0.7021387,0.649154418,0.526557943,1.166829659,0.591474059,0.747595745,0.721734246,0.537931296,0.440785912,0.492138829,0.270910229,1.343474902,0.544380927,0,1.821366323,0.165122849,0.232448966,0.766665396,1.076589256,0.918421202,-0.21016279,0.852517552,-2.542738627,1.572377217,0.151442646,0.140998992,0.7021387,0.649154418
-0.036325962,0.188166822,-0.155737763,-0.577197629,-0.001565143,0.553823532,0.208429041,-2.157277487,0.791830435,0.606709177,0.246585883,0.135948421,0.469149109,0.649154418,0.526557943,0.387175296,0.51314371,0.747595745,0.721734246,0.627586511,0.485227289,0.645736298,-0.119519218,0.517781661,-0.233022801,0.672415536,1.397993696,0.052747577,0.083883757,0.517879937,-0.330154038,0.022846299,0.088329289,0.551989782,0.767375747,1.572377217,-0.091858654,0.33839758,0.469149109,0.649154418
0.334501569,0.188166822,0.158948851,0.232983418,0.151818837,0.553823532,1.3591922,1.045952721,0.712808661,-0.362706573,-0.653988646,0.317624948,0.236159518,-0.526379561,-0.180328063,0.127290508,0.278152665,0.747595745,0.721734246,0.044827608,-0.092510623,0.645736298,0.270910229,0.292592595,0.204266796,0.572958576,0.212550339,0.277498121,0.083883757,0.020309017,-0.017544418,1.366208654,0.088329289,-0.22938242,0.804568043,-0.919175736,0.273093296,0.140998992,0.236159518,-0.526379561
0.482832582,0.188166822,1.103008691,0.085677773,0.151818837,0.055236993,0.639965226,1.045952721,1.186939308,0.92984776,0.546777393,0.862654527,1.168117882,0.925750648,0.526557943,1.101858462,1.218116845,-4.606339937,-4.611079904,-3.541381029,-3.692262234,0.876132501,0.11473845,1.718790011,0.835907324,0,1.482668221,0.951749753,0.876231536,1.513021776,1.389198877,0.806474339,1.580789683,-4.436771202,-2.542738627,1.380719297,1.976202399,0.634495463,1.168117882,0.925750648
-1.000477545,-0.549447119,0.080277197,-0.208933517,0.228510826,-0.870709438,0.927656016,-0.555662383,0.317699788,-0.03956799,0.021442251,0.438742632,-0.385146059,0.372558188,0.526557943,0.322204099,-0.113499076,-0.379548609,0.160385388,0.582758904,0.485227289,0.261742626,-0.119519218,0.592844683,0.447205461,0.473501616,1.143970119,0.839374481,0.43053591,0.517879937,0.68582723,-1.656356646,-0.060916751,-0.289487974,0.692991154,-1.685807414,0.759695897,0.634495463,-0.385146059,0.372558188
0.260336063,0.188166822,-0.077066109,0.527594708,0.151818837,0.767503478,1.3591922,1.045952721,0.949873984,-1.332122323,0.246585883,0.983772211,-0.074493271,-0.318932388,-0.180328063,0.777002477,-0.035168728,0.184023568,0.160385388,0.358620864,0.307461778,0.108145157,0.505167897,-0.007659492,0.350029995,0.274587695,1.059295594,-0.509128783,0.133405493,-0.726047362,0.451370014,-1.656356646,-0.060916751,0.792411998,-0.013662476,-0.344201978,-0.213509304,0.535796169,-0.074493271,-0.318932388
0.334501569,0.188166822,0.080277197,0.232983418,0.535278785,1.266090018,0.352274436,1.045952721,0.080634464,0.283570593,-0.128653504,0.075389579,0.779801897,0.580005361,0.526557943,-0.002651886,0.748134755,0.184023568,0.160385388,0.762069335,0.662992801,0.33854136,0.11473845,0.217529574,0.204266796,0.224859215,0.297224865,1.176500297,0.133405493,0.766665396,0.68582723,0.358686888,1.580789683,-0.289487974,0.135106709,-0.535859897,0.516394597,-0.056399597,0.779801897,0.580005361
0.556998088,0.188166822,0.473635464,0.012024951,0.151818837,0.055236993,0.208429041,1.045952721,-0.867626831,0.283570593,-0.278749259,0.317624948,0.003169926,-0.318932388,-0.180328063,0.647060083,0.51314371,0.184023568,0.160385388,0.22413804,0.129696266,-0.659842188,0.11473845,-0.458037623,-0.233022801,0,-0.464845864,-0.509128783,0.083883757,0.269094477,-0.642763659,-1.320516057,-0.35940883,0.07114535,-2.542738627,-1.494149495,0.759695897,0.535796169,0.003169926,-0.318932388
0.334501569,0.188166822,0.158948851,-0.429891984,-0.615101059,-1.226842681,0.639965226,-0.555662383,-0.314474409,0.283570593,0.696873148,0.014830737,-0.152156468,-0.180634273,-0.180328063,0.322204099,0.51314371,0.184023568,0.160385388,0.537931296,0.440785912,-0.429445984,-0.275690997,-0.908415754,0.10709133,-0.222697107,0.127875814,1.064125025,-0.015159715,0.269094477,-0.486458849,0.806474339,-0.956392987,-0.409699083,-0.013662476,-1.494149495,0.516394597,-0.253798185,-0.152156468,-0.180634273
-0.332987988,0.188166822,0.394963811,0.30663624,0.228510826,-0.372122898,0.783810621,-0.555662383,0.396721562,-0.362706573,-0.428845014,0.438742632,0.003169926,-0.042336158,-0.180328063,-0.132594279,0.04316162,0.184023568,0.160385388,0.44827608,0.396344534,0.108145157,0.348996118,-0.007659492,0.301442262,0.374044655,-0.041473237,0.165122849,0.083883757,-0.228476443,-0.252001633,1.254261791,0.983805525,0.852517552,0.692991154,0.805745539,-0.456810605,0.33839758,0.003169926,-0.042336158
0.11200505,0.188166822,0.866993731,0.969511642,-0.001565143,0.981183424,-0.223107143,-0.555662383,0.396721562,0.606709177,0.92201678,0.37818379,0.935128291,0.649154418,0.526557943,0.51711769,0.669804407,0.747595745,0.721734246,0.806896943,0.618551423,0.876132501,0.427082007,0.89309677,0.155679063,0.821600977,0.720597492,0.839374481,0.480057647,1.761807235,0.529522419,1.030368065,1.133051565,0.732306444,0.655798858,1.572377217,2.219503699,1.325390523,0.935128291,0.649154418
0.260336063,0.188166822,0.158948851,-0.135280694,-1.075252997,0.126463641,1.07150141,1.045952721,0.001612689,-0.685845156,-1.029228033,-0.227404632,-0.61813565,-0.318932388,-0.180328063,0.127290508,-0.035168728,0.184023568,0.160385388,-0.134482824,0.129696266,-0.275848516,0.270910229,-0.082722514,-3.731339575,-0.322154067,-1.142242068,-0.958629871,-3.8283334,-3.21390196,-1.893202143,-1.208569194,-0.956392987,0.191356458,0.135106709,-2.644097011,-0.943413205,-0.155098891,-0.61813565,-0.318932388
-0.926312038,0.188166822,-0.549096029,0.085677773,-0.078257132,0.055236993,-0.510797933,1.045952721,-1.104692155,-0.03956799,-1.179323788,-0.893551895,-0.229819665,-0.664677676,-0.180328063,-2.081730186,-0.270159773,0.184023568,0.160385388,-0.44827608,-0.492483025,-0.35264725,0.427082007,-0.382974601,0.155679063,0.025945294,-2.073661848,-1.857632047,0.281970702,-0.477261902,-0.877220875,-0.31299429,-0.060916751,0.67220089,-0.199623958,-0.344201978,-0.700111905,-0.549896068,-0.229819665,-0.664677676
-0.555484507,0.188166822,0.316292157,0.822205997,-0.308333101,-0.870709438,-0.079261748,-0.555662383,-1.341757479,-0.03956799,-0.653988646,0.075389579,-0.074493271,0.649154418,0.526557943,0.127290508,0.04316162,-0.379548609,-0.40096347,-0.313793256,0.174137644,-0.275848516,0.11473845,-0.458037623,0.398617728,0.175130735,-0.126147762,-0.621504055,-0.114203187,-0.228476443,-0.642763659,0.694527476,1.133051565,-0.529910191,-0.013662476,-0.152544058,-0.091858654,0.140998992,-0.074493271,0.649154418
-1.000477545,-0.549447119,0.158948851,-0.650850451,0.151818837,0.553823532,-1.949251881,1.045952721,-1.262735704,0.283570593,-2.30504195,-4.284847054,-1.16177803,-0.388081446,-0.180328063,-0.457450264,-0.035168728,0.184023568,0.160385388,-0.313793256,-0.136952001,0.645736298,0.505167897,-0.157785536,0.398617728,0.523230096,-0.54952039,-1.745256775,0.232448966,0.020309017,-2.362116575,0.582580613,0.983805525,-0.109171312,-0.236816254,0.4224297,-0.578461255,-0.944693245,-1.16177803,-0.388081446
0.556998088,0.188166822,-0.313081069,0.012024951,0.688662764,0.19769029,-0.510797933,1.045952721,0.001612689,-0.685845156,0.471729515,0.196507263,0.003169926,-0.595528618,-0.180328063,-0.002651886,0.199822317,0.184023568,0.160385388,0.717241727,0.618551423,0.031346422,0.427082007,0.442718639,0.058503597,0.075673774,-0.718869441,0.839374481,0.480057647,0.269094477,0.607674824,0.918421202,0.685313446,0.491884228,0.172299005,1.380719297,-0.700111905,0.33839758,0.003169926,-0.595528618
1.298653152,0.188166822,0.552307117,0.453941885,0.381894805,0.055236993,0.352274436,1.045952721,0.949873984,0.606709177,1.297256167,0.923213369,0.469149109,0.856601591,0.526557943,0.71203128,0.591474059,0.747595745,0.721734246,0.762069335,0.618551423,0.261742626,-0.119519218,1.118285836,0.884495057,0.821600977,1.143970119,-0.509128783,0.331492438,0.517879937,1.701808498,0.358686888,0.685313446,0.612095336,0.916144932,1.380719297,1.367949148,1.029292641,0.469149109,0.856601591
-0.629650013,0.188166822,-0.234409416,0.085677773,0.305202816,-0.158442953,-0.223107143,1.045952721,-1.341757479,-0.685845156,-0.278749259,-0.045728105,0.469149109,-0.318932388,-0.180328063,-0.847277445,-0.191829424,0.184023568,0.721734246,0,0.04081351,-0.736640922,0.11473845,-1.208667842,-0.330198267,-0.123240147,0.466573916,-0.733879327,0.133405493,-0.477261902,-1.424287712,-2.439984687,-0.508654869,0.191356458,-0.236816254,0.805745539,0.516394597,-4.300469252,0.469149109,-0.318932388
0.556998088,0.188166822,0.316292157,0.60124753,0.075126847,-0.158442953,-0.510797933,-0.555662383,0.080634464,-0.362706573,0.997064657,0.499301474,-0.074493271,0.510856303,0.526557943,0.452146493,-0.113499076,0.184023568,0.160385388,0.44827608,0.307461778,0.108145157,-0.119519218,0.06740353,0.350029995,-0.322154067,0.043201288,0.839374481,0.18292723,-0.726047362,0.060607988,-0.31299429,0.386821368,0.431778674,0.321068191,0.039113861,-0.213509304,-0.056399597,-0.074493271,0.510856303
0.853660114,0.188166822,0.158948851,0.380289063,0.228510826,0.553823532,0.208429041,-0.555662383,0.080634464,-0.03956799,0.246585883,0.317624948,-0.307482862,0.580005361,0.526557943,0.71203128,0.278152665,0.184023568,0.160385388,0.537931296,0.396344534,-0.045452312,0.270910229,0.217529574,0.398617728,0.025945294,0.127875814,1.176500297,0.281970702,0.269094477,-0.720916065,0.246740025,0.237575328,0.191356458,0.246683598,0.039113861,0.029791996,0.33839758,-0.307482862,0.580005361
0.631163595,0.188166822,0.001605544,0.60124753,0.151818837,0.838730127,0.639965226,-0.555662383,0.001612689,-0.362706573,0.997064657,0.620419158,0.236159518,0.856601591,0.526557943,0.582088886,0.04316162,-0.379548609,-0.40096347,0.313793256,0.174137644,0.261742626,-0.119519218,-0.082722514,0.350029995,0.274587695,0.889946543,2.412628289,0.381014174,-1.472403741,1.623656093,0.806474339,0.685313446,-0.22938242,0.246683598,-0.152544058,0.273093296,0.042299698,0.236159518,0.856601591
0.631163595,0.188166822,0.158948851,0.30663624,-0.001565143,-0.158442953,0.783810621,-2.157277487,1.424004632,-0.685845156,0.771921025,0.196507263,-0.695798847,0.649154418,0.526557943,0.322204099,-0.113499076,0.184023568,0.160385388,-0.044827608,0.440785912,0.184943891,-0.119519218,-0.232848558,0.155679063,0.224859215,-0.210822288,0.052747577,-0.015159715,0.269094477,0.373217609,-1.43246292,0.386821368,0.67220089,0.469837376,0.4224297,1.002997197,-0.35249748,-0.695798847,0.649154418
0.705329101,0.188166822,0.316292157,0.822205997,0.458586795,0.553823532,0.927656016,-0.555662383,0.475743337,1.576124926,-0.203701382,0.620419158,0.080833123,-0.180634273,0.526557943,0.51711769,-0.035168728,0.184023568,0.160385388,0.627586511,0.574110045,0.184943891,0.11473845,-0.382974601,0.009915864,-0.023783186,0.720597492,0.052747577,0.232448966,0.517879937,-0.173849228,0.358686888,1.133051565,0.011039796,0.544221969,0.61408762,0.759695897,0.239698286,0.080833123,-0.180634273
-1.074643051,-0.549447119,-0.549096029,-0.356239162,0.151818837,-0.158442953,-2.52463346,1.045952721,0.080634464,0.283570593,-2.455137705,-1.014669579,-0.152156468,-1.217870137,-0.887214068,-1.496989414,-0.113499076,0.184023568,0.160385388,-3.541381029,-3.692262234,-0.122251047,0.11473845,-0.908415754,-3.731339575,0.423773135,-2.073661848,-1.071005143,-3.8283334,-0.228476443,-1.971354549,0.582580613,0.088329289,-0.049065758,-0.125239365,-1.302491575,-3.498076859,-1.339490423,-0.152156468,-1.217870137
-0.184656975,0.188166822,-0.077066109,0.453941885,0.381894805,-1.226842681,-0.079261748,-0.555662383,-2.843171196,-0.362706573,-1.779706808,0.135948421,-0.385146059,0.580005361,0.526557943,-0.262536673,-0.113499076,-0.379548609,-0.40096347,0.358620864,0.485227289,0.031346422,0.11473845,0.517781661,0.350029995,0.324316175,0.212550339,-1.745256775,0.232448966,0.020309017,-0.330154038,-0.760781742,-0.060916751,-0.289487974,0.395452783,-0.727517817,-1.065063855,0.33839758,-0.385146059,0.580005361
0.186170557,0.188166822,0.237620504,0.085677773,-0.231641111,-0.372122898,-0.510797933,-0.555662383,1.582048181,1.252986343,1.147160412,0.014830737,1.090454685,0.649154418,0.526557943,0.777002477,-0.113499076,0.184023568,0.160385388,0.717241727,0.574110045,0.261742626,0.11473845,0.142466552,0.641556392,0.224859215,-1.565614695,0.614623937,0.529579383,0.517879937,-0.330154038,-2.104144098,-0.508654869,-0.469804637,0.581414265,-0.344201978,-0.335159955,-0.549896068,1.090454685,0.649154418
-0.036325962,0.188166822,0.158948851,-0.945461741,0.611970774,0.340143587,-0.654643327,1.045952721,-1.104692155,-0.685845156,-0.203701382,0.196507263,0.391485912,-0.042336158,-0.180328063,-0.912248642,-0.270159773,0.184023568,0.160385388,-0.313793256,-0.270276135,0.568937563,0.427082007,0.06740353,0.009915864,0.075673774,-0.126147762,-0.172002967,-0.064681451,-0.228476443,0.529522419,-0.760781742,-1.851869224,0.491884228,0.02352982,0.230771781,0.273093296,0.140998992,0.391485912,-0.042336158
-0.703815519,0.188166822,-0.470424376,-0.577197629,0.151818837,-0.158442953,-0.223107143,1.045952721,-0.551539733,-1.655260906,0.396681638,-0.409081158,0.236159518,-0.664677676,-0.180328063,-0.522421461,-0.505150818,0.184023568,0.160385388,-0.851724551,-0.403600269,-0.275848516,-0.119519218,-0.758289711,0.447205461,-0.322154067,-0.210822288,0.839374481,0.480057647,-0.477261902,-0.564611254,0.358686888,-1.553377145,-0.109171312,-0.274008551,-1.302491575,-1.673317106,0.042299698,0.236159518,-0.664677676
0.334501569,0.188166822,0.552307117,0.60124753,0.151818837,0.055236993,-0.079261748,-0.555662383,0.396721562,1.576124926,0.696873148,0.075389579,0.391485912,0.0268129,-0.180328063,-0.132594279,0.356483014,0.184023568,0.160385388,-0.089655216,-0.225834757,0.108145157,-0.119519218,0.142466552,0.350029995,-3.554505279,-0.126147762,-0.509128783,0.083883757,1.015450856,0.607674824,-0.760781742,-0.508654869,0.551989782,-2.542738627,0.230771781,0.029791996,0.634495463,0.391485912,0.0268129
0.482832582,0.188166822,0.866993731,0.453941885,0.458586795,0.838730127,1.215346805,-0.555662383,0.791830435,2.222402093,1.372304045,0.862654527,0.624475503,1.133197821,0.526557943,1.101858462,0.51314371,0.747595745,0.721734246,0.851724551,0.618551423,0.722535032,0.427082007,1.193348858,-3.731339575,0.970786417,1.397993696,0.951749753,-3.8283334,2.259378155,1.232894066,0.806474339,0.386821368,0.311567566,0.841760339,1.189061378,1.124647847,1.818886995,0.624475503,1.133197821
1.372818658,0.188166822,0.709650424,0.453941885,0.305202816,0.055236993,1.07150141,1.045952721,1.107917534,0.92984776,0.846968903,0.559860316,0.857465094,0.994899706,0.526557943,0.647060083,0.356483014,0.747595745,0.721734246,0.896552159,0.707434179,0.415340094,0.583253786,1.868916055,0.787319591,-3.554505279,1.736691798,0.951749753,0.8267098,1.513021776,1.858113308,1.478155517,0.983805525,0.792411998,-2.542738627,1.189061378,1.732901098,1.621488406,0.857465094,0.994899706
1.150322139,0.188166822,0.709650424,0.89585882,0.458586795,0.411370235,0.639965226,-0.555662383,1.740091731,0.92984776,1.447351922,0.862654527,1.012791488,0.925750648,0.526557943,1.101858462,0.826465103,0.184023568,0.160385388,0.806896943,0.618551423,1.02972997,0.270910229,1.193348858,0.447205461,0.921057937,1.397993696,1.288875569,0.579101119,0.766665396,1.389198877,1.142314928,0.386821368,0.792411998,0.544221969,0.805745539,0.516394597,1.621488406,1.012791488,0.925750648
0.037839544,0.188166822,-0.470424376,-0.282586339,-0.078257132,0.482596884,-1.517715696,-0.555662383,-1.104692155,-1.008983739,-1.104275911,-1.014669579,0.080833123,-0.872124849,-0.887214068,-0.652363855,0.04316162,0.184023568,-0.40096347,-0.134482824,-0.270276135,-0.890238391,0.270910229,-0.608163667,-0.427373733,-0.123240147,-1.142242068,-0.509128783,0.034362021,-0.477261902,-0.720916065,-0.089100564,-3.493575658,0.551989782,0.43264508,-0.344201978,-0.335159955,0.042299698,0.080833123,-0.872124849
-0.777981026,0.188166822,0.080277197,0.232983418,0.151818837,0.19769029,-0.510797933,1.045952721,0.554765111,0.606709177,0.246585883,0.257066105,0.546812306,0.441707245,0.526557943,-0.457450264,-0.113499076,0.184023568,0.160385388,0.358620864,0.174137644,0.33854136,-0.119519218,-0.608163667,-0.087259602,0.075673774,-0.972893017,0.277498121,0.381014174,0.517879937,-0.095696823,0.134793162,0.088329289,-0.590015745,0.507029672,-0.344201978,-1.551666456,-0.056399597,0.546812306,0.441707245
0.556998088,0.188166822,-0.077066109,0.60124753,0.381894805,0.411370235,-0.654643327,-0.555662383,-1.262735704,-0.362706573,-1.779706808,0.014830737,-0.307482862,-1.148721079,-0.887214068,0.127290508,-0.113499076,-0.379548609,0.160385388,-0.134482824,-0.136952001,-0.429445984,0.11473845,-0.458037623,0.350029995,-0.073511666,-1.311591119,-0.621504055,0.232448966,0.269094477,-0.877220875,-0.089100564,-0.35940883,0.191356458,0.358260487,-0.919175736,-0.943413205,-0.253798185,-0.307482862,-1.148721079
0.334501569,0.188166822,0.237620504,0.380289063,-0.078257132,-1.084389384,-0.510797933,-0.555662383,-1.104692155,-1.655260906,-0.578940769,-0.348522316,-0.540472453,0.718303476,-0.180328063,-1.17213343,-0.270159773,0.184023568,0.160385388,-0.134482824,0.085254888,-0.122251047,0.11473845,-0.683226689,0.204266796,-0.172968627,0.466573916,-0.958629871,-0.064681451,-0.477261902,0.216912798,0.47063375,0.237575328,-0.289487974,-0.088047069,0.039113861,-0.213509304,0.535796169,-0.540472453,0.718303476
0.779494608,0.188166822,0.316292157,0.527594708,0.228510826,0.055236993,-0.942334117,-2.157277487,0.554765111,1.252986343,0.997064657,0.438742632,0.158496321,-0.24978333,-0.180328063,0.582088886,0.04316162,0.184023568,0.160385388,-0.22413804,-0.359158891,0.261742626,0.11473845,-0.007659492,0.10709133,0.025945294,-0.295496813,-0.621504055,0.281970702,-0.974832822,1.467351282,1.030368065,0.536067407,0.431778674,0.283875894,-1.494149495,0.029791996,-0.845993951,0.158496321,-0.24978333
-0.777981026,0.188166822,-0.549096029,0.380289063,-0.001565143,0.553823532,-1.661561091,1.045952721,-0.946648606,-1.332122323,-0.428845014,-0.227404632,-1.084114832,-0.180634273,-0.180328063,-0.32750787,-0.035168728,-0.379548609,0.160385388,0.493103688,0.574110045,0.33854136,-0.119519218,-0.082722514,0.447205461,0.324316175,0.466573916,1.064125025,0.281970702,0.020309017,-1.424287712,0.022846299,-0.060916751,0.131250904,0.581414265,0.039113861,0.029791996,-0.648595363,-1.084114832,-0.180634273
0.11200505,0.188166822,0.158948851,-0.135280694,-0.154949122,-0.158442953,0.639965226,1.045952721,-1.104692155,-1.332122323,-0.203701382,0.317624948,0.313822715,-0.388081446,-0.180328063,-0.847277445,0.04316162,0.184023568,0.160385388,0.313793256,0.396344534,-0.506244719,-0.119519218,-0.232848558,0.10709133,0.324316175,-1.734963746,-1.745256775,0.232448966,0.269094477,0.060607988,-0.760781742,-2.448853382,0.67220089,0.618606561,1.189061378,0.394743946,-2.721280543,0.313822715,-0.388081446
-0.852146532,0.188166822,-0.706439336,0.30663624,0.458586795,0.482596884,-1.661561091,-0.555662383,-0.630561508,-0.362706573,-0.128653504,-0.651316527,-0.229819665,-0.941273906,-0.887214068,-0.457450264,0.121491969,0.184023568,0.160385388,-0.134482824,-0.092510623,-0.199049781,0.427082007,-0.382974601,0.495793194,0.025945294,-0.54952039,-2.644258951,0.281970702,-0.228476443,-1.893202143,0.358686888,0.237575328,0.251462012,0.469837376,-1.110833656,-1.551666456,-0.549896068,-0.229819665,-0.941273906
0.11200505,0.188166822,-0.155737763,-0.208933517,0.381894805,0.553823532,-1.517715696,-2.157277487,1.424004632,0.92984776,0.396681638,0.257066105,-0.385146059,0.856601591,0.526557943,0.322204099,-0.113499076,0.184023568,0.160385388,0.044827608,0.574110045,0.33854136,0.11473845,0.217529574,0.204266796,0.324316175,0.466573916,-0.172002967,0.18292723,-0.477261902,0.763979635,0.806474339,-0.060916751,0.431778674,0.618606561,0.039113861,0.029791996,-0.155098891,-0.385146059,0.856601591
0.334501569,0.188166822,-0.942454296,-0.650850451,0.305202816,0.553823532,0.496119831,1.045952721,-1.262735704,2.222402093,0.771921025,0.680978,0.935128291,0.372558188,0.526557943,0.51711769,0.04316162,0.184023568,-0.40096347,0.582758904,0.662992801,0.645736298,0.427082007,0.142466552,0.204266796,0.921057937,-0.380171339,1.176500297,0.232448966,0.020309017,0.920284445,0.134793162,-0.35940883,-0.169276866,0.841760339,0.4224297,0.638045247,0.042299698,0.935128291,0.372558188
0.186170557,0.188166822,0.709650424,-0.798156096,-0.308333101,0.411370235,-2.380788065,-0.555662383,-0.235452635,0.283570593,-0.503892891,0.499301474,0.7021387,0.095961957,0.526557943,0.647060083,0.199822317,-0.379548609,-0.40096347,-0.851724551,-0.403600269,-0.045452312,-0.119519218,-0.007659492,0.252854529,-3.554505279,0.127875814,-0.172002967,0.281970702,-0.974832822,0.216912798,0.358686888,-0.21016279,0.131250904,-2.542738627,0.039113861,-1.673317106,0.733194758,0.7021387,0.095961957
0.334501569,0.188166822,0.866993731,-0.429891984,0.458586795,-0.158442953,-0.654643327,1.045952721,-0.551539733,-0.03956799,-0.428845014,-0.530198842,0.003169926,-0.042336158,0.526557943,0.257232902,0.278152665,0.184023568,0.160385388,0.044827608,0.174137644,-0.659842188,0.11473845,0.592844683,-0.670312398,0.175130735,-0.888218492,-0.172002967,-0.064681451,0.269094477,0.295065203,0.358686888,0.834559486,-0.169276866,0.060722116,-1.110833656,-0.213509304,-0.155098891,0.003169926,-0.042336158
0.11200505,0.188166822,0.237620504,0.232983418,0.075126847,0.19769029,0.639965226,-0.555662383,0.080634464,-1.332122323,0.92201678,0.135948421,-0.695798847,0.649154418,0.526557943,0.387175296,0.04316162,0.184023568,0.160385388,-0.179310432,-0.136952001,0.184943891,-0.119519218,0.142466552,0.350029995,0.672415536,0.551248441,0.839374481,0.579101119,0.020309017,-0.486458849,-0.536888016,0.088329289,-0.289487974,0.655798858,-0.152544058,0.638045247,1.029292641,-0.695798847,0.649154418
0.482832582,0.188166822,0.316292157,0.085677773,0.381894805,0.482596884,1.503037595,-0.555662383,1.582048181,-0.362706573,1.297256167,0.499301474,-0.074493271,0.441707245,0.526557943,0.51711769,-0.661811514,0.184023568,0.160385388,0.134482824,0.129696266,0.876132501,0.427082007,0.517781661,0.204266796,0.473501616,1.228644645,0.277498121,0.034362021,-3.21390196,0.84213204,-0.089100564,0.386821368,0.311567566,0.804568043,1.380719297,0.881346547,-0.35249748,-0.074493271,0.441707245
-0.777981026,0.188166822,-0.627767683,0.527594708,-0.001565143,0.055236993,0.783810621,-0.555662383,-0.235452635,-0.685845156,0.171538006,0.196507263,0.7021387,-0.318932388,-0.180328063,-0.392479067,0.826465103,0.184023568,0.160385388,0.268965648,0.396344534,0.33854136,0.11473845,0.06740353,0.398617728,0.722144016,-0.718869441,-0.621504055,0.43053591,0.766665396,-0.486458849,0.022846299,0.834559486,0.011039796,0.358260487,-0.727517817,-0.335159955,0.535796169,0.7021387,-0.318932388
0.096646003,0.5,0.571153455,0.450741144,0.864228354,0.614035189,0.417740652,1.525683765,0.870591277,0.606139209,1.18443486,1.128165519,0.881478011,0.891763291,0.878125672,0.960529241,0.613314747,0.438539038,0.604495823,0.900751267,2.075155509,0.517289475,0.88291401,1.013814011,0.757855499,0.255887664,0.589338939,0.557813568,1.027404221,0.275529819,0.625964217,0.791772379,1.430359525,0.991293313,0.891763291,0.878125672,0.960529241,0.613314747,0.881478011,0.891763291
0.096646003,0.5,0.420519577,0.131318286,-0.851519113,0.010066151,0.85554745,0.726198823,-0.560517671,0.301376478,-0.033840996,0.357614639,0.288555582,-0.51628401,0.255131107,0.007938258,0.266155456,0.710735682,0.731313128,0.900751267,0.076152496,-0.153270956,0.055182126,-0.022200307,-0.628465536,0.649560994,0.813138536,-0.985075025,-0.998463257,0.144325143,-0.202517835,-0.993148013,0.055643277,0.782843785,-0.51628401,0.255131107,0.007938258,0.266155456,0.288555582,-0.51628401
-0.731748307,0.5,0.232227229,0.202301143,-1.423434936,0.010066151,-1.552389935,-1.672256004,-1.276072145,-0.816086868,-0.236886972,-1.420579699,-1.134458248,0.258142005,0.255131107,-0.230209487,0.266155456,-2.464891832,-2.185484898,-1.372172491,-0.209419363,-0.249065303,-0.275910628,-0.984213602,-0.143253174,0.059050999,-0.082059852,-1.222442501,0.448584942,-2.610973044,0.764044559,-0.581243307,-1.220878954,-2.065966437,0.258142005,0.255131107,-0.230209487,0.266155456,-1.134458248,0.258142005
-0.731748307,0.5,-0.031382058,0.237792572,1.181959366,0.010066151,-0.567324642,-0.07328612,-0.471073362,-1.120849598,-1.455162828,-1.776218566,-1.490211705,-0.938698201,-2.414845599,-1.420948215,-1.122481707,0.257074608,0.350861212,0.521930641,-2.208422377,1.3794386,-0.938096136,-0.836211557,-1.668206312,-0.925132325,-0.529659047,-0.925733156,-2.734921095,0.275529819,-1.99756228,-0.718544876,-0.828102883,-0.537336562,-0.938698201,-2.414845599,-1.420948215,-1.122481707,-1.490211705,-0.938698201
0.925040313,0.5,0.646470394,0.486232572,1.245505569,0.010066151,1.238628397,0.726198823,0.870591277,1.21566467,0.16920498,1.305984952,1.000062497,1.173372751,0.611128002,-1.063726597,-1.238201471,0.710735682,0.477678517,0.395657099,0.361724355,2.04999903,1.048460387,1.383819125,1.035119706,1.240070988,1.036938133,0.973206651,1.316813861,1.062757872,1.178285585,1.066375516,0.841195418,0.991293313,1.173372751,0.611128002,-1.063726597,-1.238201471,1.000062497,1.173372751
0.717941735,0.5,-2.893425746,-2.956436005,0.673589746,0.010066151,1.238628397,-0.473028591,1.317812823,0.809314362,1.285957848,0.653980362,0.525724554,1.243775116,1.056124119,-1.659095961,-1.238201471,0.438539038,0.350861212,0.016836472,0.076152496,0.229906433,0.88291401,0.495806852,0.827171551,0.649560994,-0.082059852,0.676497306,-0.709053617,0.013120468,0.211723191,-0.30664017,-0.042550741,-0.259403858,1.243775116,1.056124119,-1.659095961,-1.238201471,0.525724554,1.243775116
0.096646003,0.5,0.269885699,0.521724001,-0.152510886,0.010066151,-0.293695393,-0.273157355,-0.471073362,0.910901939,-0.8460249,0.001975771,-0.067197875,0.821360926,0.07713266,-1.301874343,-1.006761944,0.075610179,-0.029590705,0.143110014,-2.208422377,-0.249065303,0.220728503,0.199802761,0.064694982,-0.137785665,-0.529659047,0.43912983,-0.564348797,0.53793917,-1.30716057,-0.443941739,0.743001401,0.018528847,0.821360926,0.07713266,-1.301874343,-1.006761944,-0.067197875,0.821360926
-2.18143835,0.5,-0.106698997,0.415249715,-0.660880506,0.010066151,-2.044922582,-1.272513533,-0.73940629,-1.019262021,-1.35363984,-1.064940831,-1.253042733,-2.628354962,-1.168856469,-1.301874343,-1.006761944,0.257074608,0.350861212,0.648204183,-2.208422377,-1.207008775,-3.090199037,-0.09620133,-1.945470518,-2.302988978,-0.305859449,-0.866391287,0.448584942,-0.249288884,-1.030999887,-0.718544876,0.448419348,-0.676302914,-2.628354962,-1.168856469,-1.301874343,-1.006761944,-1.253042733,-2.628354962
1.546336046,-2,0.797104273,0.486232572,1.372597974,0.614035189,0.253563103,1.125941294,0.960035586,1.21566467,0.778342908,1.187438663,1.592984926,0.891763291,0.967124896,0.841455368,0.729034511,0.529271252,0.858130434,1.027024809,0.647296214,0.517289475,0.717367633,0.495806852,0.480591292,0.452724329,0.365539342,1.269915996,0.159175302,0.669143845,1.730606952,1.340978653,0.743001401,-0.328887034,0.891763291,0.967124896,0.841455368,0.729034511,1.592984926,0.891763291
0.096646003,0.5,-0.144357467,0.273284,-0.851519113,0.010066151,-0.293695393,-0.07328612,-0.471073362,-0.612911714,0.575296932,0.23906835,0.169971096,-0.09386982,0.07713266,0.960529241,0.613314747,0.801467896,0.604495823,0.269383557,0.647296214,0.421495128,-0.275910628,0.125801739,0.757855499,-0.33462233,0.813138536,0.083078617,-0.130234338,-0.249288884,0.902124901,0.105264536,0.743001401,0.435427904,-0.09386982,0.07713266,0.960529241,0.613314747,0.169971096,-0.09386982
1.132138891,0.5,0.420519577,0.557215429,-0.660880506,0.010066151,0.581918201,0.726198823,-0.471073362,0.910901939,0.778342908,0.179795205,0.051386611,1.173372751,0.967124896,1.079603113,1.423353093,1.07366454,1.111765045,0.016836472,0.647296214,1.571027294,1.876192272,0.199802761,1.173751809,1.830580983,1.26073773,1.151232258,-0.130234338,0.931553197,-0.754839203,1.478280222,1.430359525,0.435427904,1.173372751,0.967124896,1.079603113,1.423353093,0.051386611,1.173372751
0.510843158,-2,0.721787334,0.450741144,0.864228354,0.614035189,0.308288953,0.726198823,1.228368513,0.504551632,1.387480836,1.009619229,0.762893525,-0.445881645,-0.634861128,0.960529241,0.613314747,0.620003467,0.604495823,0.648204183,0.647296214,1.475232947,0.38627488,1.161816056,0.757855499,-0.531458995,1.26073773,0.913864782,0.593289761,0.013120468,1.316365927,0.929073948,0.252031312,1.199742841,-0.445881645,-0.634861128,0.960529241,0.613314747,0.762893525,-0.445881645
0.510843158,0.5,0.420519577,0.450741144,-0.597334303,0.010066151,0.74609575,-0.273157355,-0.471073362,0.301376478,0.16920498,0.594707217,0.407140068,-0.09386982,0.255131107,1.079603113,1.423353093,0.710735682,0.858130434,0.269383557,0.361724355,-0.34485965,0.717367633,-0.540207466,0.480591292,0.846397659,0.813138536,1.507283472,0.737994581,1.193962548,-0.064437493,1.340978653,-0.238938776,0.921810137,-0.09386982,0.255131107,1.079603113,1.423353093,0.407140068,-0.09386982
-0.317551152,0.5,0.194568759,0.308775429,-0.724426708,0.010066151,-0.238969544,0.526327587,-0.471073362,-0.206561406,0.473773944,0.120522061,0.051386611,-1.220307661,-0.901858798,1.079603113,1.423353093,0.347806823,0.097226601,0.269383557,0.361724355,0.517289475,0.055182126,-0.022200307,-0.143253174,-0.33462233,0.589338939,0.795181044,-0.419643978,0.275529819,-0.616758861,0.929073948,-0.53352083,0.226978375,-1.220307661,-0.901858798,1.079603113,1.423353093,0.051386611,-1.220307661
1.339237468,0.5,0.307544168,0.486232572,0.355858734,0.614035189,1.074450848,1.125941294,0.42336973,0.402964055,0.372250956,0.831799796,0.64430904,0.610153831,0.878125672,1.079603113,1.076193802,0.166342394,0.604495823,0.269383557,0.361724355,0.421495128,1.048460387,-0.09620133,-0.143253174,0.452724329,-0.753458644,0.557813568,0.593289761,-0.118084208,-1.445240912,-0.169338601,0.252031312,-0.120437505,0.610153831,0.878125672,1.079603113,1.076193802,0.64430904,0.610153831
0.30374458,0.5,0.194568759,0.273284,-0.279603291,0.010066151,-1.497664086,0.326456351,1.049479895,-0.308148983,0.879865896,0.23906835,-0.897289276,0.750958561,0.611128002,1.079603113,1.076193802,-1.557569685,-1.424581065,-0.361984154,0.076152496,0.229906433,-1.103642513,1.235817079,-0.143253174,-0.33462233,-1.648657032,0.083078617,1.027404221,-0.905312262,0.211723191,0.517169242,0.153837294,0.435427904,0.750958561,0.611128002,1.079603113,1.076193802,-0.897289276,0.750958561
-0.110452575,0.5,0.571153455,0.521724001,1.245505569,0.614035189,0.964999149,1.325812529,0.960035586,0.199788901,1.18443486,0.89107294,1.355815955,0.610153831,0.967124896,1.079603113,1.076193802,0.892200111,0.731313128,0.900751267,0.647296214,0.804672516,0.055182126,1.457820147,1.104435758,0.255887664,0.365539342,0.795181044,0.737994581,0.144325143,-0.340598177,0.929073948,0.743001401,0.435427904,0.610153831,0.967124896,1.079603113,1.076193802,1.355815955,0.610153831
0.925040313,0.5,0.721787334,0.521724001,1.372597974,0.614035189,1.129176698,1.325812529,0.781146967,0.910901939,0.879865896,0.535434073,1.118646983,0.750958561,0.967124896,0.365159877,0.266155456,0.982932326,0.858130434,0.774477725,0.361724355,0.229906433,1.214006764,0.939812988,1.381699964,0.846397659,0.813138536,0.854522913,-0.274939158,0.931553197,0.764044559,1.066375516,1.135777472,1.269226018,0.750958561,0.967124896,0.365159877,0.266155456,1.118646983,0.750958561
-1.35304404,-2,0.194568759,-0.046138857,-1.550527341,-0.593902888,-1.333486537,-2.271869711,-1.633849382,-1.120849598,-1.658208804,-0.650028819,-0.897289276,-0.51628401,-1.168856469,-1.301874343,-1.238201471,-1.920498544,-1.931850287,-2.887454997,-0.780563081,-1.590186164,-1.103642513,-1.650222806,-0.697781587,-0.72829566,-0.753458644,-1.697177453,-2.879625915,-1.167721613,-0.616758861,-1.679655856,-0.828102883,-2.274415966,-0.51628401,-1.168856469,-1.301874343,-1.238201471,-0.897289276,-0.51628401
-0.52464973,-2,0.081593351,0.131318286,-0.851519113,0.010066151,-1.552389935,-0.872771062,-1.454960764,0.606139209,-0.439932948,0.061248916,0.051386611,-0.23467455,-0.011866563,-0.944652724,-1.122481707,-0.559515324,-0.029590705,0.648204183,-0.209419363,-1.973363552,-0.607003382,0.051800716,-1.321626053,0.255887664,-0.082059852,-0.925733156,0.159175302,0.013120468,-1.30716057,-1.542354287,-0.140744759,0.157495199,-0.23467455,-0.011866563,-0.944652724,-1.122481707,0.051386611,-0.23467455
-1.767241195,0.5,0.15691029,-0.081630286,-1.232796328,0.010066151,-0.622050491,-1.472384769,-1.812738,-0.816086868,-1.658208804,-1.361306554,-1.134458248,-0.868295836,-1.257855693,-0.944652724,-1.122481707,-0.378050895,-0.663677232,-2.634907912,-0.209419363,-0.536448344,-0.772549759,-0.910212579,-2.084102622,-0.33462233,-0.305859449,-1.578493715,0.448584942,1.325167223,1.316365927,-1.679655856,-1.024490918,0.088012023,-0.868295836,-1.257855693,-0.944652724,-1.122481707,-1.134458248,-0.868295836
-1.35304404,-2,-0.144357467,0.060335429,-1.359888733,0.010066151,-0.622050491,-1.272513533,-0.828850599,-2.238312944,-1.658208804,-1.776218566,-1.490211705,-1.431514756,-0.723860351,-0.34928336,-1.122481707,-1.557569685,-1.551398371,-0.614531238,-0.209419363,-0.823831386,-0.772549759,-2.686237124,-1.460258156,-0.72829566,-0.305859449,-1.815861191,0.014470482,-0.249288884,-1.030999887,-0.993148013,-3.381147344,-2.135449614,-1.431514756,-0.723860351,-0.34928336,-1.122481707,-1.490211705,-1.431514756
-0.110452575,0.5,0.608811925,0.450741144,1.118413164,0.614035189,-0.512598792,-0.273157355,1.049479895,-0.308148983,-1.252116852,-1.420579699,-1.490211705,0.117337275,0.344130331,-1.301874343,-1.006761944,-0.468783109,-0.410042621,-1.372172491,-2.208422377,-1.302803122,-0.275910628,-0.022200307,-0.143253174,-2.106152313,-0.529659047,-0.154288859,0.159175302,-1.954949666,-0.202517835,-0.032037033,-0.337132794,0.018528847,0.117337275,0.344130331,-1.301874343,-1.006761944,-1.490211705,0.117337275
-0.52464973,0.5,0.307544168,0.202301143,1.436144176,0.614035189,0.85554745,0.726198823,1.228368513,1.012489516,0.575296932,0.950346085,0.762893525,0.821360926,0.789126449,0.841455368,0.729034511,1.07366454,1.111765045,0.900751267,1.218439932,-1.494391816,1.214006764,0.71780992,0.480591292,1.043234323,1.26073773,0.913864782,0.882699401,0.406734494,0.625964217,1.478280222,0.252031312,0.574394256,0.821360926,0.789126449,0.841455368,0.729034511,0.762893525,0.821360926
-1.145945462,-2,0.458178047,0.308775429,0.673589746,0.010066151,0.417740652,0.526327587,0.51281404,0.301376478,0.372250956,0.594707217,0.407140068,1.032568021,0.789126449,0.841455368,0.729034511,0.801467896,0.604495823,-0.10943707,0.932868073,0.708878169,0.551821257,1.013814011,0.480591292,1.043234323,-0.082059852,0.320446092,0.882699401,0.406734494,1.59252661,0.517169242,0.153837294,0.50491108,1.032568021,0.789126449,0.841455368,0.729034511,0.407140068,1.032568021
0.30374458,0.5,-0.069040528,0.344266858,-1.550527341,0.010066151,-0.567324642,-1.272513533,-1.007739217,-0.714499291,-0.642978924,-0.650028819,-0.897289276,-1.572319486,-1.079857246,0.841455368,0.960474038,-0.015122036,0.097226601,-0.488257696,0.361724355,-0.34485965,-1.26918889,-0.984213602,0.203327085,-2.302988978,-0.977258241,-0.154288859,-1.287872897,0.144325143,-1.583321254,-0.993148013,-0.53352083,-0.259403858,-1.572319486,-1.079857246,0.841455368,0.960474038,-0.897289276,-1.572319486
1.753434623,0.5,-2.893425746,-2.956436005,0.864228354,0.614035189,1.402805946,-0.473028591,1.407257132,0.606139209,-0.33840996,0.594707217,1.118646983,0.962165656,0.789126449,-1.063726597,-1.469640998,-0.28731868,-0.410042621,0.774477725,0.076152496,1.092055558,-0.275910628,-0.244203375,0.757855499,0.846397659,-1.424857435,-0.569681942,0.448584942,0.144325143,0.487883875,-0.718544876,0.055643277,0.643877432,0.962165656,0.789126449,-1.063726597,-1.469640998,1.118646983,0.962165656
1.339237468,0.5,-2.893425746,-2.956436005,0.419404936,0.010066151,0.636644051,-0.872771062,0.244481112,0.301376478,0.575296932,-0.590755674,-0.541535819,-0.797893471,-0.634861128,-1.063726597,-1.238201471,0.257074608,0.097226601,0.016836472,0.076152496,-0.823831386,-0.441457005,-0.540207466,0.064694982,0.059050999,0.141739745,-0.569681942,-0.130234338,1.062757872,0.073642849,-0.581243307,-0.828102883,0.50491108,-0.797893471,-0.634861128,-1.063726597,-1.238201471,-0.541535819,-0.797893471
-1.35304404,0.5,0.194568759,0.202301143,-0.851519113,-5.123670678,-1.497664086,0.926070058,-1.544405073,-2.949425982,-1.455162828,-2.013311144,-1.608796191,-1.501917121,-2.503844822,0.484233749,0.38187522,-2.464891832,-2.819571426,-1.372172491,0.076152496,-1.302803122,-0.772549759,-1.946226897,-1.668206312,-0.72829566,-3.215254212,-1.697177453,-0.998463257,-2.873382395,-0.202517835,-1.26775115,-1.220878954,-2.482865494,-1.501917121,-2.503844822,0.484233749,0.38187522,-1.608796191,-1.501917121
0.510843158,0.5,0.684128864,0.521724001,-0.088964683,0.010066151,1.074450848,0.526327587,0.781146967,1.114077093,1.387480836,1.246711808,1.711569412,0.750958561,0.967124896,0.365159877,0.266155456,0.529271252,0.350861212,0.900751267,0.361724355,0.229906433,1.048460387,1.087815034,1.381699964,1.043234323,1.484537328,1.269915996,1.172109041,0.406734494,0.902124901,0.929073948,1.724941578,0.50491108,0.750958561,0.967124896,0.365159877,0.266155456,1.711569412,0.750958561
